{"cameraMode":{"drawMode":0,"name":"Shaded","section":"Shading Mode"},"sceneLighting":false,"audioPlay":false,"sceneViewState":{"m_AlwaysRefresh":false,"showFog":true,"showSkybox":false,"showFlares":true,"showImageEffects":true,"showParticleSystems":true,"showVisualEffectGraphs":true,"m_FxEnabled":true},"in2DMode":false,"pivot":{"x":0.013750731945037842,"y":0.021467924118041993,"z":-0.5011109113693237},"rotation":{"x":0.08615358173847199,"y":0.8227425217628479,"z":-0.1296616643667221,"w":0.5466956496238709},"size":1.5262882709503174,"orthographic":false}