{"cameraMode":{"drawMode":0,"name":"Shaded","section":"Shading Mode"},"sceneLighting":false,"audioPlay":false,"sceneViewState":{"m_AlwaysRefresh":false,"showFog":true,"showSkybox":false,"showFlares":true,"showImageEffects":true,"showParticleSystems":true,"showVisualEffectGraphs":true,"m_FxEnabled":true},"in2DMode":false,"pivot":{"x":0.01657569408416748,"y":-0.08255232125520706,"z":-0.1379113495349884},"rotation":{"x":-0.41516464948654177,"y":-0.5268414616584778,"z":0.32905903458595278,"w":-0.6646878719329834},"size":0.9934536814689636,"orthographic":false}