{"cameraMode":{"drawMode":0,"name":"Shaded","section":"Shading Mode"},"sceneLighting":true,"audioPlay":false,"sceneViewState":{"m_AlwaysRefresh":false,"showFog":true,"showSkybox":true,"showFlares":true,"showImageEffects":true,"showParticleSystems":true,"showVisualEffectGraphs":true,"m_FxEnabled":true},"in2DMode":false,"pivot":{"x":43.36076354980469,"y":73.28986358642578,"z":-4.30181884765625},"rotation":{"x":-0.10040410608053208,"y":0.022384198382496835,"z":-0.002257946878671646,"w":-0.9946982264518738},"size":121.90719604492188,"orthographic":false}